message_id,match_id,sender_id,content,sent_at
1,1,550e8400-e29b-41d4-a716-446655440001,"Bonjour Marie ! J'ai vu votre profil et vous semblez parfaite pour garder Buddy. √ätes-vous disponible du 20 au 27 ao√ªt ?",2025-08-12 19:00:00
2,1,550e8400-e29b-41d4-a716-446655440002,"Bonjour John ! Oui je suis totalement disponible ces dates. Buddy a l'air adorable ! Pouvez-vous me parler de ses habitudes ?",2025-08-12 19:15:00
3,1,550e8400-e29b-41d4-a716-446655440001,"Buddy adore les promenades, il faut le sortir 2 fois par jour minimum. Il mange √† 7h et 18h. Tr√®s sociable avec les autres chiens !",2025-08-12 19:30:00
4,1,550e8400-e29b-41d4-a716-446655440002,"Parfait ! J'ai l'habitude des goldens. J'habite pr√®s d'un parc, il pourra bien se d√©fouler. Vous pr√©f√©rez garde √† domicile ou chez moi ?",2025-08-12 19:45:00
5,4,550e8400-e29b-41d4-a716-446655440001,"Bonjour Marie ! Int√©ress√©e par la garde de Whiskers ? Il est tr√®s c√¢lin mais plus tranquille que Buddy üòä",2025-08-13 13:00:00
6,4,550e8400-e29b-41d4-a716-446655440002,"Bonjour ! Oui bien s√ªr, j'adore les chats aussi. Whiskers a-t-il des habitudes particuli√®res ?",2025-08-13 13:20:00
7,6,550e8400-e29b-41d4-a716-446655440005,"Bonjour Marie ! Merci d'avoir lik√© l'annonce pour Minou. Il est un peu capricieux mais tr√®s attachant.",2025-08-13 17:00:00
8,6,550e8400-e29b-41d4-a716-446655440002,"Bonjour Sophie ! J'ai de l'exp√©rience avec les persans. Le brossage quotidien ne me d√©range pas du tout !",2025-08-13 17:15:00
9,10,550e8400-e29b-41d4-a716-446655440007,"Salut Marie ! Caramel est vraiment facile √† garder. C'est votre premi√®re exp√©rience avec les lapins ?",2025-08-14 13:00:00
10,10,550e8400-e29b-41d4-a716-446655440002,"Salut Camille ! Non j'ai d√©j√† gard√© des lapins, ils sont adorables. Caramel mange quoi exactement ?",2025-08-14 13:15:00
11,11,550e8400-e29b-41d4-a716-446655440008,"Bonjour Pierre ! Rex a besoin de beaucoup d'exercice, √ßa vous convient ?",2025-08-14 16:00:00
12,11,550e8400-e29b-41d4-a716-446655440006,"Bonjour Lucas ! Parfait, je suis retrait√© et j'adore les longues balades. Rex pourra m√™me aller nager si vous voulez !",2025-08-14 16:20:00
13,13,550e8400-e29b-41d4-a716-446655440010,"Bonjour Marie ! Max est tr√®s intelligent, il va vous donner du fil √† retordre üòÑ",2025-08-15 19:30:00
14,13,550e8400-e29b-41d4-a716-446655440002,"J'adore les d√©fis ! Quels tours conna√Æt-il ?",2025-08-15 19:45:00
15,15,550e8400-e29b-41d4-a716-446655440010,"Bonjour L√©a ! Bella serait parfaite pour vous, elle est tr√®s ob√©issante.",2025-08-15 21:00:00
16,15,550e8400-e29b-41d4-a716-446655440011,"Bonjour Thomas ! C'est exactement ce qu'il me faut pour commencer. Bella est-elle vaccin√©e ?",2025-08-15 21:15:00
17,17,550e8400-e29b-41d4-a716-446655440012,"Bonjour Marie ! Shadow est tr√®s calme, juste besoin de compagnie et de son m√©dicament quotidien.",2025-08-16 13:30:00
18,17,550e8400-e29b-41d4-a716-446655440002,"Pas de probl√®me pour le m√©dicament ! √Ä quelle heure pr√©f√®re-t-il le prendre ?",2025-08-16 13:45:00
19,19,550e8400-e29b-41d4-a716-446655440003,"Salut Alex ! Coco va vous faire rire avec son bavardage üòÇ",2025-08-16 17:00:00
20,19,550e8400-e29b-41d4-a716-446655440004,"Haha j'ai h√¢te ! Elle aime quel genre de musique ?",2025-08-16 17:15:00
21,21,550e8400-e29b-41d4-a716-446655440001,"Bonjour Pierre ! Nemo est parfait pour d√©buter, tr√®s facile !",2025-08-17 12:30:00
22,21,550e8400-e29b-41d4-a716-446655440006,"Merci John ! C'est effectivement mon premier pet-sitting. Nemo mange quoi exactement ?",2025-08-17 12:45:00
23,22,550e8400-e29b-41d4-a716-446655440005,"Bonjour Marie ! Luna est tr√®s √©nergique, j'esp√®re que √ßa ne vous d√©range pas ?",2025-08-17 19:00:00
24,22,550e8400-e29b-41d4-a716-446655440002,"Pas du tout Sophie ! J'adore jouer avec les chats. Elle a des jouets pr√©f√©r√©s ?",2025-08-17 19:15:00